ID,Contenitore,Categoria,Lat,Long,LDCN,PRCD,Scheda_Chiesa,Numero opere,Link_StorieMemorie,Link_OrigineBologna,Link_BibSalaBorsa,Link_Wiki,Link_GenusBononiae,Link_CentroFasoli,Link_Archiginnasio,Link_Carisbo,Link_Beweb,Link_CatBBCC,Link_Chiese_ita,Path
1,Basilica di S. Antonio da Padova,"Conventi e monasteri, Non più esistente",44.48605212310638,11.35946248413636,https://catalogo.fondazionezeri.unibo.it/ricerca.v2.jsp?decorator=layout_resp&apply=true&percorso_ricerca=OA&sortby=LOCALIZZAZIONE&batch=10&view=list&locale=it&PVCS_PVCR_PVCP_PVCC_PVCL_LDCN_PRVS_PRVR_PRVP_PRVC_PRVL_PRCD=Basilica%20di%20S.%20Antonio%20da%20Padova&page=1&filtrolocalizzazione_OA=5412%7C6107,,,19,,,https://www.bibliotecasalaborsa.it/bolognaonline/cronologia-di-bologna/1904/la_basilica_di_santantonio_da_padova,,,,,,,,,
2,Basilica dei SS. Bartolomeo e Gaetano,Basiliche e cattedrali,44.49414178281467,11.34715903558172,https://catalogo.fondazionezeri.unibo.it/ricerca.v2.jsp?decorator=layout_resp&apply=true&percorso_ricerca=OA&sortby=LOCALIZZAZIONE&batch=10&view=list&locale=it&PVCS_PVCR_PVCP_PVCC_PVCL_LDCN_PRVS_PRVR_PRVP_PRVC_PRVL_PRCD=Basilica%20dei%20SS.%20Bartolomeo%20e%20Gaetano&page=1&filtrolocalizzazione_OA=5412%7C6151,,,16,https://www.storiaememoriadibologna.it/archivio/luoghi/chiesa-dei-santi-bartolomeo-e-gaetano,,,,,,,,,,,
3,Basilica di S. Domenico,Basiliche e cattedrali,44.4897989007687,11.344028235581721,https://catalogo.fondazionezeri.unibo.it/ricerca.v2.jsp?decorator=layout_resp&apply=true&percorso_ricerca=OA&sortby=LOCALIZZAZIONE&batch=10&view=list&locale=it&PVCS_PVCR_PVCP_PVCC_PVCL_LDCN_PRVS_PRVR_PRVP_PRVC_PRVL_PRCD=Basilica%20di%20S.%20Domenico&page=1&filtrolocalizzazione_OA=5412%7C165,https://catalogo.fondazionezeri.unibo.it/ricerca.v2.jsp?decorator=layout_resp&apply=true&percorso_ricerca=OA&sortby=LOCALIZZAZIONE&batch=10&view=list&locale=it&PVCS_PVCR_PVCP_PVCC_PVCL_LDCN_PRVS_PRVR_PRVP_PRVC_PRVL_PRCD=Basilica%20di%20S.%20Domenico&page=1&filtroprovenienza_OA=5412%7C165,https://catalogo.fondazionezeri.unibo.it/scheda/opera/120033/,132,"https://www.storiaememoriadibologna.it/archivio/luoghi/basilica-di-san-domenico",,,,,,,,,,,
4,Convento di S. Domenico,Conventi e monasteri,44.4895336268604,11.344123414028747,https://catalogo.fondazionezeri.unibo.it/ricerca.v2.jsp?decorator=layout_resp&apply=true&percorso_ricerca=OA&sortby=LOCALIZZAZIONE&batch=10&view=list&locale=it&PVCS_PVCR_PVCP_PVCC_PVCL_LDCN_PRVS_PRVR_PRVP_PRVC_PRVL_PRCD=Convento%20di%20S.%20Domenico&page=1&filtrolocalizzazione_OA=5412%7C1112,,,8,,,,,,,,,,,,
5,Museo di S. Domenico,Musei,44.4895336268604,11.344123414028747,https://catalogo.fondazionezeri.unibo.it/ricerca.v2.jsp?decorator=layout_resp&apply=true&percorso_ricerca=OA&sortby=LOCALIZZAZIONE&batch=10&view=list&locale=it&PVCS_PVCR_PVCP_PVCC_PVCL_LDCN_PRVS_PRVR_PRVP_PRVC_PRVL_PRCD=Museo%20di%20S.%20Domenico&page=1&filtrolocalizzazione_OA=5412%7C8300,,,,,,,,,,,,,,,
6,Basilica di S. Francesco,Basiliche e cattedrali,44.495460955414146,11.335398832866856,https://catalogo.fondazionezeri.unibo.it/ricerca.v2.jsp?decorator=layout_resp&apply=true&percorso_ricerca=OA&sortby=LOCALIZZAZIONE&batch=10&view=list&locale=it&PVCS_PVCR_PVCP_PVCC_PVCL_LDCN_PRVS_PRVR_PRVP_PRVC_PRVL_PRCD=Basilica%20di%20S.%20Francesco&page=1&filtrolocalizzazione_OA=5412%7C259,https://catalogo.fondazionezeri.unibo.it/ricerca.v2.jsp?decorator=layout_resp&apply=true&percorso_ricerca=OA&sortby=LOCALIZZAZIONE&batch=10&view=list&locale=it&PVCS_PVCR_PVCP_PVCC_PVCL_LDCN_PRVS_PRVR_PRVP_PRVC_PRVL_PRCD=Basilica%20di%20S.%20Francesco&page=1&filtroprovenienza_OA=5412%7C259,https://catalogo.fondazionezeri.unibo.it/scheda/opera/117612/,51,https://www.storiaememoriadibologna.it/archivio/luoghi/basilica-di-san-francesco,,,,,,,,,,,
7,Convento di S. Francesco,Conventi e monasteri,44.495460955414146,11.335398832866856,https://catalogo.fondazionezeri.unibo.it/ricerca.v2.jsp?decorator=layout_resp&apply=true&percorso_ricerca=OA&sortby=LOCALIZZAZIONE&batch=10&view=list&locale=it&PVCS_PVCR_PVCP_PVCC_PVCL_LDCN_PRVS_PRVR_PRVP_PRVC_PRVL_PRCD=Convento%20di%20S.%20Francesco&page=1&filtrolocalizzazione_OA=5412%7C279,https://catalogo.fondazionezeri.unibo.it/ricerca.v2.jsp?decorator=layout_resp&apply=true&percorso_ricerca=OA&sortby=LOCALIZZAZIONE&batch=10&view=list&locale=it&PVCS_PVCR_PVCP_PVCC_PVCL_LDCN_PRVS_PRVR_PRVP_PRVC_PRVL_PRCD=Convento%20di%20S.%20Francesco&page=1&filtroprovenienza_OA=5412%7C279,,19,,,,,,,,,,,,
8,Basilica di S. Giacomo Maggiore,Basiliche e cattedrali,44.49566418498975,11.34897353558172,https://catalogo.fondazionezeri.unibo.it/ricerca.v2.jsp?decorator=layout_resp&apply=true&percorso_ricerca=OA&sortby=LOCALIZZAZIONE&batch=10&view=list&locale=it&PVCS_PVCR_PVCP_PVCC_PVCL_LDCN_PRVS_PRVR_PRVP_PRVC_PRVL_PRCD=Basilica%20di%20S.%20Giacomo%20Maggiore&page=1&filtrolocalizzazione_OA=5412%7C6152,https://catalogo.fondazionezeri.unibo.it/ricerca.v2.jsp?decorator=layout_resp&apply=true&percorso_ricerca=OA&sortby=LOCALIZZAZIONE&batch=10&view=list&locale=it&PVCS_PVCR_PVCP_PVCC_PVCL_LDCN_PRVS_PRVR_PRVP_PRVC_PRVL_PRCD=Basilica%20di%20S.%20Giacomo%20Maggiore&page=1&filtroprovenienza_OA=5412%7C8270,,158,https://www.storiaememoriadibologna.it/archivio/luoghi/chiesa-di-san-giacomo-maggiore,,,,,,,,,,,
9,Convento di S. Giacomo Maggiore,Conventi e monasteri,44.4961577165818,11.350121541867333,https://catalogo.fondazionezeri.unibo.it/ricerca.v2.jsp?decorator=layout_resp&apply=true&percorso_ricerca=OA&sortby=LOCALIZZAZIONE&batch=10&view=list&locale=it&PVCS_PVCR_PVCP_PVCC_PVCL_LDCN_PRVS_PRVR_PRVP_PRVC_PRVL_PRCD=Convento%20di%20S.%20Giacomo%20Maggiore&page=1&filtrolocalizzazione_OA=5412%7C3301,https://catalogo.fondazionezeri.unibo.it/ricerca.v2.jsp?decorator=layout_resp&apply=true&percorso_ricerca=OA&sortby=LOCALIZZAZIONE&batch=10&view=list&locale=it&PVCS_PVCR_PVCP_PVCC_PVCL_LDCN_PRVS_PRVR_PRVP_PRVC_PRVL_PRCD=Convento%20di%20S.%20Giacomo%20Maggiore&page=1&filtroprovenienza_OA=5412%7C7297,,7,,,,,,,,,,,,
10,Basilica di S. Maria dei Servi,Basiliche e cattedrali,44.492059854919816,11.352073162562371,https://catalogo.fondazionezeri.unibo.it/ricerca.v2.jsp?decorator=layout_resp&apply=true&percorso_ricerca=OA&sortby=LOCALIZZAZIONE&batch=10&view=list&locale=it&PVCS_PVCR_PVCP_PVCC_PVCL_LDCN_PRVS_PRVR_PRVP_PRVC_PRVL_PRCD=Basilica%20di%20S.%20Maria%20dei%20Servi&page=1&filtrolocalizzazione_OA=5412%7C10036,,https://catalogo.fondazionezeri.unibo.it/scheda/opera/118873/,71,,"https://www.originebologna.com/strade/strada-maggiore/n-279-280/",,,,,,,,,,
11,Basilica di S. Maria Maggiore,Basiliche e cattedrali,44.49821856771983,11.34193676441828,https://catalogo.fondazionezeri.unibo.it/ricerca.v2.jsp?decorator=layout_resp&apply=true&percorso_ricerca=OA&sortby=LOCALIZZAZIONE&batch=10&view=list&locale=it&PVCS_PVCR_PVCP_PVCC_PVCL_LDCN_PRVS_PRVR_PRVP_PRVC_PRVL_PRCD=Basilica%20di%20S.%20Maria%20Maggiore&page=1&filtrolocalizzazione_OA=5412%7C379,,,5,,https://www.originebologna.com/strade/galliera/n-583/,,,,,,,,,,
12,Basilica di S. Martino Maggiore,Basiliche e cattedrali,44.49739002222067,11.346667706745162,https://catalogo.fondazionezeri.unibo.it/ricerca.v2.jsp?decorator=layout_resp&apply=true&percorso_ricerca=OA&sortby=LOCALIZZAZIONE&batch=10&view=list&locale=it&PVCS_PVCR_PVCP_PVCC_PVCL_LDCN_PRVS_PRVR_PRVP_PRVC_PRVL_PRCD=Basilica%20di%20S.%20Martino%20Maggiore&page=1&filtrolocalizzazione_OA=5412%7C6158,,https://catalogo.fondazionezeri.unibo.it/scheda/opera/120073/,41,,https://www.originebologna.com/strade/case-nuove-di-san-martino/n-1958/,,,,,,,,,,
13,Convento di S. Martino Maggiore,Conventi e monasteri,44.49739002222067,11.346667706745162,https://catalogo.fondazionezeri.unibo.it/ricerca.v2.jsp?decorator=layout_resp&apply=true&percorso_ricerca=OA&sortby=LOCALIZZAZIONE&batch=10&view=list&locale=it&PVCS_PVCR_PVCP_PVCC_PVCL_LDCN_PRVS_PRVR_PRVP_PRVC_PRVL_PRCD=convento%20di%20s.%20martino%20maggiore&page=1&filtrolocalizzazione_OA=5412%7C6157,https://catalogo.fondazionezeri.unibo.it/ricerca.v2.jsp?decorator=layout_resp&apply=true&percorso_ricerca=OA&sortby=LOCALIZZAZIONE&batch=10&view=list&locale=it&PVCS_PVCR_PVCP_PVCC_PVCL_LDCN_PRVS_PRVR_PRVP_PRVC_PRVL_PRCD=convento%20di%20s.%20martino%20maggiore&page=1&filtroprovenienza_OA=5412%7C4089,,8,,,,,,,,,,,,
14,Oratorio di S. Martino,Oratori,44.49739002222067,11.346667706745162,https://catalogo.fondazionezeri.unibo.it/ricerca.v2.jsp?decorator=layout_resp&apply=true&percorso_ricerca=OA&sortby=LOCALIZZAZIONE&batch=10&view=list&locale=it&PVCS_PVCR_PVCP_PVCC_PVCL_LDCN_PRVS_PRVR_PRVP_PRVC_PRVL_PRCD=Oratorio%20di%20S.%20Martino&page=1&filtrolocalizzazione_OA=5412%7C1956,,,2,,,,,,,,,,,,
15,Basilica di S. Paolo Maggiore,Basiliche e cattedrali,44.49134588260187,11.339900249072047,https://catalogo.fondazionezeri.unibo.it/ricerca.v2.jsp?decorator=layout_resp&apply=true&percorso_ricerca=OA&sortby=LOCALIZZAZIONE&batch=10&view=list&locale=it&PVCS_PVCR_PVCP_PVCC_PVCL_LDCN_PRVS_PRVR_PRVP_PRVC_PRVL_PRCD=Basilica%20di%20S.%20Paolo%20Maggiore&page=1&filtrolocalizzazione_OA=5412%7C10010,,,45,,https://www.originebologna.com/strade/trebbo-dei-carbonesi/n-389/,,,,,,,,,,
16,Basilica di S. Petronio,Basiliche e cattedrali,44.49350872470367,11.343197006745163,https://catalogo.fondazionezeri.unibo.it/ricerca.v2.jsp?decorator=layout_resp&apply=true&percorso_ricerca=OA&sortby=LOCALIZZAZIONE&batch=10&view=list&locale=it&PVCS_PVCR_PVCP_PVCC_PVCL_LDCN_PRVS_PRVR_PRVP_PRVC_PRVL_PRCD=Basilica%20di%20S.%20Petronio&page=1&filtrolocalizzazione_OA=5412%7C3361,https://catalogo.fondazionezeri.unibo.it/ricerca.v2.jsp?decorator=layout_resp&apply=true&percorso_ricerca=OA&sortby=LOCALIZZAZIONE&batch=10&view=list&locale=it&PVCS_PVCR_PVCP_PVCC_PVCL_LDCN_PRVS_PRVR_PRVP_PRVC_PRVL_PRCD=Basilica%20di%20S.%20Petronio&page=1&filtroprovenienza_OA=5412%7C3361,https://catalogo.fondazionezeri.unibo.it/scheda/opera/106787/,212,,https://www.originebologna.com/strade/piazza-maggiore-o-piazza-maggiore-nuova/basilica-di-san-petronio/,,,,,,,,,,
17,Museo di S. Petronio,Musei,44.49350872470367,11.343197006745163,https://catalogo.fondazionezeri.unibo.it/ricerca.v2.jsp?decorator=layout_resp&apply=true&percorso_ricerca=OA&sortby=LOCALIZZAZIONE&batch=10&view=list&locale=it&PVCS_PVCR_PVCP_PVCC_PVCL_LDCN_PRVS_PRVR_PRVP_PRVC_PRVL_PRCD=Museo%20di%20S.%20Petronio&page=1&filtrolocalizzazione_OA=5412%7C561,,,76,,,,,,,,,,,,
18,Basilica di S. Stefano,Basiliche e cattedrali,44.4922470636796,11.348515534359407,https://catalogo.fondazionezeri.unibo.it/ricerca.v2.jsp?decorator=layout_resp&apply=true&percorso_ricerca=OA&sortby=LOCALIZZAZIONE&batch=10&view=list&locale=it&PVCS_PVCR_PVCP_PVCC_PVCL_LDCN_PRVS_PRVR_PRVP_PRVC_PRVL_PRCD=Basilica%20di%20S.%20Stefano&page=1&filtrolocalizzazione_OA=5412%7C2096,https://catalogo.fondazionezeri.unibo.it/ricerca.v2.jsp?decorator=layout_resp&apply=true&percorso_ricerca=OA&sortby=LOCALIZZAZIONE&batch=10&view=list&locale=it&PVCS_PVCR_PVCP_PVCC_PVCL_LDCN_PRVS_PRVR_PRVP_PRVC_PRVL_PRCD=Basilica%20di%20S.%20Stefano&page=1&filtroprovenienza_OA=5412%7C2207,https://catalogo.fondazionezeri.unibo.it/ricerca.v2.jsp?decorator=layout_resp&apply=true&percorso_ricerca=OA&sortby=LOCALIZZAZIONE&batch=10&view=list&locale=it&SGTI_SGTT=nel+complesso+di+Santo+Stefano,48,,"https://www.storiaememoriadibologna.it/archivio/luoghi/basilica-di-santo-stefano",,,,,,,,,,
19,Convento di S. Stefano,Conventi e monasteri,44.4922470636796,11.348515534359407,https://catalogo.fondazionezeri.unibo.it/ricerca.v2.jsp?decorator=layout_resp&apply=true&percorso_ricerca=OA&sortby=LOCALIZZAZIONE&batch=10&view=list&locale=it&PVCS_PVCR_PVCP_PVCC_PVCL_LDCN_PRVS_PRVR_PRVP_PRVC_PRVL_PRCD=Convento%20di%20S.%20Stefano&page=1&filtrolocalizzazione_OA=5412%7C4205,,,2,,,,,,,,,,,,
20,Museo di S. Stefano,Musei,44.4922470636796,11.348515534359407,https://catalogo.fondazionezeri.unibo.it/ricerca.v2.jsp?decorator=layout_resp&apply=true&percorso_ricerca=OA&sortby=LOCALIZZAZIONE&batch=10&view=list&locale=it&PVCS_PVCR_PVCP_PVCC_PVCL_LDCN_PRVS_PRVR_PRVP_PRVC_PRVL_PRCD=Museo%20di%20S.%20Stefano&page=1&filtrolocalizzazione_OA=5412%7C3251,https://catalogo.fondazionezeri.unibo.it/ricerca.v2.jsp?decorator=layout_resp&apply=true&percorso_ricerca=OA&sortby=LOCALIZZAZIONE&batch=10&view=list&locale=it&PVCS_PVCR_PVCP_PVCC_PVCL_LDCN_PRVS_PRVR_PRVP_PRVC_PRVL_PRCD=Museo%20di%20S.%20Stefano&page=1&filtroprovenienza_OA=5412%7C3251,,47,,,,,,,,,,,,
21,Cattedrale Metropolitana di S. Pietro,Basiliche e cattedrali,44.496074631003225,11.342949306745163,https://catalogo.fondazionezeri.unibo.it/ricerca.v2.jsp?decorator=layout_resp&apply=true&percorso_ricerca=OA&sortby=LOCALIZZAZIONE&batch=10&view=list&locale=it&PVCS_PVCR_PVCP_PVCC_PVCL_LDCN_PRVS_PRVR_PRVP_PRVC_PRVL_PRCD=Chiesa%20Metropolitana%20di%20S.%20Pietro&page=1&filtrolocalizzazione_OA=5412%7C7211,https://catalogo.fondazionezeri.unibo.it/ricerca.v2.jsp?decorator=layout_resp&apply=true&percorso_ricerca=OA&sortby=LOCALIZZAZIONE&batch=10&view=list&locale=it&PVCS_PVCR_PVCP_PVCC_PVCL_LDCN_PRVS_PRVR_PRVP_PRVC_PRVL_PRCD=Chiesa%20Metropolitana%20di%20S.%20Pietro&page=1&filtroprovenienza_OA=5412%7C7211,,45,https://www.storiaememoriadibologna.it/archivio/luoghi/cattedrale-di-s-pietro-di-bologna,,,,,,,,,,,
22,Chiesa dei SS. Fabiano e Sebastiano,Chiese,44.495925884285676,11.340193720235488,,https://catalogo.fondazionezeri.unibo.it/ricerca.v2.jsp?decorator=layout_resp&apply=true&percorso_ricerca=OA&sortby=LOCALIZZAZIONE&batch=10&view=list&locale=it&PVCS_PVCR_PVCP_PVCC_PVCL_LDCN_PRVS_PRVR_PRVP_PRVC_PRVL_PRCD=Chiesa%20dei%20SS.%20Fabiano%20e%20Sebastiano&page=1&filtroprovenienza_OA=5412%7C7469,,1,,https://www.originebologna.com/strade/battisasso/isola-della-chiesa-dei-ss-sebastiano-e-fabiano-e-della-croce-dei-martiri/,,,,,,,,,,
23,Chiesa dei SS. Filippo e Giacomo,Chiese,44.50119731789288,11.334187035581719,,https://catalogo.fondazionezeri.unibo.it/ricerca.v2.jsp?decorator=layout_resp&apply=true&percorso_ricerca=OA&sortby=LOCALIZZAZIONE&batch=10&view=list&locale=it&PVCS_PVCR_PVCP_PVCC_PVCL_LDCN_PRVS_PRVR_PRVP_PRVC_PRVL_PRCD=Chiesa%20dei%20SS.%20Filippo%20e%20Giacomo&page=1&filtroprovenienza_OA=5412%7C8262,,1,"https://www.storiaememoriadibologna.it/archivio/luoghi/chiesa-dei-santi-filippo-e-giacomo",,,,,,,,,,,
24,Chiesa dei SS. Filippo e Giacomo delle Convertite,Chiese,44.500371400223365,11.334716839293531,,https://catalogo.fondazionezeri.unibo.it/scheda/opera/57766/Carracci%20Ludovico%2C%20Madonna%20con%20Bambino%20in%20trono%20con%20san%20Francesco%20d%27Assisi%2C%20san%20Domenico%2C%20santa%20Maria%20Maddalena%20e%20la%20donatrice%20Cecilia%20Bargellini%20Boncompagni,,1,,https://www.originebologna.com/strade/strada-delle-lamme/n-301-302-303/,,,,,,,,,,
25,Chiesa dei SS. Gervasio e Protasio,Chiese,44.49611018954798,11.336585804889257,,https://catalogo.fondazionezeri.unibo.it/ricerca.v2.jsp?decorator=layout_resp&apply=true&percorso_ricerca=OA&sortby=LOCALIZZAZIONE&batch=10&view=list&locale=it&PVCS_PVCR_PVCP_PVCC_PVCL_LDCN_PRVS_PRVR_PRVP_PRVC_PRVL_PRCD=Chiesa%20dei%20SS.%20Gervasio%20e%20Protasio&page=1&filtroprovenienza_OA=5412%7C7289,,1,,https://www.originebologna.com/strade/san-felice/n-94-95/,,,,,,,,,,
26,Chiesa dei SS. Gregorio e Siro,Chiese,44.49593806153661,11.339286744771513,https://catalogo.fondazionezeri.unibo.it/ricerca.v2.jsp?decorator=layout_resp&apply=true&percorso_ricerca=OA&sortby=LOCALIZZAZIONE&batch=10&view=list&locale=it&PVCS_PVCR_PVCP_PVCC_PVCL_LDCN_PRVS_PRVR_PRVP_PRVC_PRVL_PRCD=Chiesa%20dei%20SS.%20Gregorio%20e%20Siro&page=1&filtrolocalizzazione_OA=5412%7C9950,https://catalogo.fondazionezeri.unibo.it/ricerca.v2.jsp?decorator=layout_resp&apply=true&percorso_ricerca=OA&sortby=LOCALIZZAZIONE&batch=10&view=list&locale=it&PVCS_PVCR_PVCP_PVCC_PVCL_LDCN_PRVS_PRVR_PRVP_PRVC_PRVL_PRCD=Chiesa%20dei%20SS.%20Gregorio%20e%20Siro&page=1&filtroprovenienza_OA=5412%7C9950,,12,"https://www.storiaememoriadibologna.it/archivio/luoghi/chiesa-di-san-gregorio-e-siro",,,,,,,,,,,
27,Chiesa dei SS. Ludovico e Alessio,Chiese,44.495407219338034,11.334009859955303,,https://catalogo.fondazionezeri.unibo.it/scheda/opera/57071/Carracci%20Annibale%2C%20Madonna%20con%20Bambino%20in%20gloria%2C%20san%20Ludovico%20di%20Tolosa%2C%20santa%20Chiara%2C%20san%20Francesco%20d%27Assisi%2C%20sant%27Alessio%2C%20san%20Giovanni%20Battista%20e%20santa%20Caterina%20d%27Alessandria,,1,,https://www.originebologna.com/strade/pratello/n-857-858/,,,,,,,,,,
28,Chiesa dei SS. Naborre e Felice,Chiese,44.49754777992208,11.334306295110743,,https://catalogo.fondazionezeri.unibo.it/scheda/opera/57485/Gessi%20Francesco%2C%20San%20Francesco%20d%27Assisi%20riceve%20le%20stimmate,,2,,https://www.originebologna.com/strade/abbadia/n-376-1/,,,,,,,,,,
29,Monastero dei SS. Naborre e Felice//La Badia,Conventi e monasteri,44.49752146292612,11.334202181665285,,,,5,,https://www.originebologna.com/strade/abbadia/n-376-1/,,,,,,,,,,
30,Cripta di S. Zama,Altri luoghi di culto,44.49752146292612,11.334202181665285,https://catalogo.fondazionezeri.unibo.it/ricerca.v2.jsp?decorator=layout_resp&apply=true&percorso_ricerca=OA&sortby=LOCALIZZAZIONE&batch=10&view=list&locale=it&PVCS_PVCR_PVCP_PVCC_PVCL_LDCN_PRVS_PRVR_PRVP_PRVC_PRVL_PRCD=Cripta%20di%20S.%20Zama&page=1&filtrolocalizzazione_OA=5412%7C4780,,,3,,,,https://it.wikipedia.org/wiki/Cripta_di_San_Zama,,,,,,,,
31,Chiesa dei SS. Sebastiano e Rocco,Chiese,44.4943875710231,11.35441875581721,,,,1,,https://www.originebologna.com/strade/strada-san-vitale/n-137/,,,,,,,,,,
32,Conservatorio di S. Marta,Altri luoghi di culto,44.4941331359717,11.353977077908604,,https://catalogo.fondazionezeri.unibo.it/ricerca.v2.jsp?decorator=layout_resp&apply=true&percorso_ricerca=OA&sortby=LOCALIZZAZIONE&batch=10&view=list&locale=it&PVCS_PVCR_PVCP_PVCC_PVCL_LDCN_PRVS_PRVR_PRVP_PRVC_PRVL_PRCD=Conservatorio%20di%20S.%20Marta&page=1&filtroprovenienza_OA=5412%7C8250,,3,,https://www.originebologna.com/strade/strada-san-vitale/n-136-135/,,,,,,,,,,
33,Chiesa dei SS. Vitale e Agricola,Chiese,44.49449902886031,11.350833620235488,https://catalogo.fondazionezeri.unibo.it/ricerca.v2.jsp?decorator=layout_resp&apply=true&percorso_ricerca=OA&sortby=LOCALIZZAZIONE&batch=10&view=list&locale=it&PVCS_PVCR_PVCP_PVCC_PVCL_LDCN_PRVS_PRVR_PRVP_PRVC_PRVL_PRCD=Chiesa%20dei%20SS.%20Vitale%20e%20Agricola&page=1&filtrolocalizzazione_OA=5412%7C6156,https://catalogo.fondazionezeri.unibo.it/ricerca.v2.jsp?decorator=layout_resp&apply=true&percorso_ricerca=OA&sortby=LOCALIZZAZIONE&batch=10&view=list&locale=it&PVCS_PVCR_PVCP_PVCC_PVCL_LDCN_PRVS_PRVR_PRVP_PRVC_PRVL_PRCD=Chiesa%20dei%20SS.%20Vitale%20e%20Agricola&page=1&filtroprovenienza_OA=5412%7C10515,,5,,https://www.originebologna.com/strade/strada-san-vitale/chiesa-dei-ss-vitale-e-agricola/,,,,,,,,,,
34,Monastero dei SS. Vitale e Agricola,Conventi e monasteri,44.49449902886031,11.350833620235488,,https://catalogo.fondazionezeri.unibo.it/ricerca.v2.jsp?decorator=layout_resp&apply=true&percorso_ricerca=OA&sortby=LOCALIZZAZIONE&batch=10&view=list&locale=it&PVCS_PVCR_PVCP_PVCC_PVCL_LDCN_PRVS_PRVR_PRVP_PRVC_PRVL_PRCD=Monastero%20dei%20SS.%20Vitale%20e%20Agricola&page=1&filtroprovenienza_OA=5412%7C10516,,5,,https://www.originebologna.com/strade/strada-san-vitale/n45-54-monache-dei-ss-vitale-e-agricola/,,,,,,,,,,
35,Chiesa del Buon Gesù,Chiese,44.48850239650546,11.339965950927951,,,,1,,https://www.originebologna.com/strade/san-mamolo/n-20/,,,,,,,,,,
36,Chiesa del Corpus Domini,Chiese,44.489409301816764,11.339721193254837,https://catalogo.fondazionezeri.unibo.it/ricerca.v2.jsp?decorator=layout_resp&apply=true&percorso_ricerca=OA&sortby=LOCALIZZAZIONE&batch=10&view=list&locale=it&PVCS_PVCR_PVCP_PVCC_PVCL_LDCN_PRVS_PRVR_PRVP_PRVC_PRVL_PRCD=Chiesa%20del%20Corpus%20Domini&page=1&filtrolocalizzazione_OA=5412%7C2840,https://catalogo.fondazionezeri.unibo.it/ricerca.v2.jsp?decorator=layout_resp&apply=true&percorso_ricerca=OA&sortby=LOCALIZZAZIONE&batch=10&view=list&locale=it&PVCS_PVCR_PVCP_PVCC_PVCL_LDCN_PRVS_PRVR_PRVP_PRVC_PRVL_PRCD=Chiesa%20del%20Corpus%20Domini&page=1&filtroprovenienza_OA=5412%7C2840,,35,,,,https://it.wikipedia.org/wiki/Monastero_del_Corpus_Domini_(Bologna),,,,,,,,
37,Convento del Corpus Domini,Conventi e monasteri,44.48942460928847,11.339785566274186,https://catalogo.fondazionezeri.unibo.it/ricerca.v2.jsp?decorator=layout_resp&apply=true&percorso_ricerca=OA&sortby=LOCALIZZAZIONE&batch=10&view=list&locale=it&PVCS_PVCR_PVCP_PVCC_PVCL_LDCN_PRVS_PRVR_PRVP_PRVC_PRVL_PRCD=Convento%20del%20Corpus%20Domini&page=1&filtrolocalizzazione_OA=5412%7C6162,,,11,,,,,,,,,,,,
38,Chiesa di Gesù e Maria,Chiese,44.50397057943201,11.344381846487382,,https://catalogo.fondazionezeri.unibo.it/ricerca.v2.jsp?decorator=layout_resp&apply=true&percorso_ricerca=OA&sortby=LOCALIZZAZIONE&batch=10&view=list&locale=it&PVCS_PVCR_PVCP_PVCC_PVCL_LDCN_PRVS_PRVR_PRVP_PRVC_PRVL_PRCD=Chiesa%20di%20Ges%C3%B9%20e%20Maria&page=1&filtroprovenienza_OA=5412%7C6760,,3,,"https://www.originebologna.com/strade/galliera/n-543/",,,,,,,,,,
39,Chiesa della Madonna dei Poveri,Chiese,44.49265247814803,11.335659892010087,https://catalogo.fondazionezeri.unibo.it/ricerca.v2.jsp?decorator=layout_resp&apply=true&percorso_ricerca=OA&sortby=LOCALIZZAZIONE&batch=10&view=list&locale=it&PVCS_PVCR_PVCP_PVCC_PVCL_LDCN_PRVS_PRVR_PRVP_PRVC_PRVL_PRCD=Chiesa%20della%20Madonna%20dei%20Poveri&page=1&filtrolocalizzazione_OA=5412%7C8353,,,5,,,https://www.bibliotecasalaborsa.it/bolognaonline/i-cartigli-di-bologna-edifici-storici-giardini-e-canali/place/chiesa-della-madonna-dei-poveri-9ee0b9,,,,,,,,,
40,Chiesa della Madonna del Baraccano,Chiese,44.485139830580245,11.35384203558172,https://catalogo.fondazionezeri.unibo.it/ricerca.v2.jsp?decorator=layout_resp&apply=true&percorso_ricerca=OA&sortby=LOCALIZZAZIONE&batch=10&view=list&locale=it&PVCS_PVCR_PVCP_PVCC_PVCL_LDCN_PRVS_PRVR_PRVP_PRVC_PRVL_PRCD=Chiesa%20della%20Madonna%20del%20Baraccano&page=1&filtrolocalizzazione_OA=5412%7C7324,https://catalogo.fondazionezeri.unibo.it/ricerca.v2.jsp?decorator=layout_resp&apply=true&percorso_ricerca=OA&sortby=LOCALIZZAZIONE&batch=10&view=list&locale=it&PVCS_PVCR_PVCP_PVCC_PVCL_LDCN_PRVS_PRVR_PRVP_PRVC_PRVL_PRCD=Chiesa%20della%20Madonna%20del%20Baraccano&page=1&filtroprovenienza_OA=5412%7C6078,https://catalogo.fondazionezeri.unibo.it/scheda/opera/119536/Ambrosi%20Giuseppe%20Antonio%20Barelli%20Agostino%2C%20null,7,,"https://www.originebologna.com/strade/mura-della-citta-wip/chiesa-della-b-v-del-baracano/",,,,,,,,,,
41,Conservatorio del Baraccano,Altri luoghi di culto,44.48570281007484,11.354731124536018,https://catalogo.fondazionezeri.unibo.it/ricerca.v2.jsp?decorator=layout_resp&apply=true&percorso_ricerca=OA&sortby=LOCALIZZAZIONE&batch=10&view=list&locale=it&PVCS_PVCR_PVCP_PVCC_PVCL_LDCN_PRVS_PRVR_PRVP_PRVC_PRVL_PRCD=Conservatorio%20del%20Baraccano&page=1&filtrolocalizzazione_OA=5412%7C4442,https://catalogo.fondazionezeri.unibo.it/ricerca.v2.jsp?decorator=layout_resp&apply=true&percorso_ricerca=OA&sortby=LOCALIZZAZIONE&batch=10&view=list&locale=it&PVCS_PVCR_PVCP_PVCC_PVCL_LDCN_PRVS_PRVR_PRVP_PRVC_PRVL_PRCD=Conservatorio%20del%20Baraccano&page=1&filtroprovenienza_OA=5412%7C7857,,12,,https://www.originebologna.com/strade/strada-santo-stefano-1/n-131-132-119-conservatorio-di-zitelle-dette-del-baracano/,,,,,,,,,,
42,Chiesa della Beata Vergine del Carmine di Monte Donato,Chiese,44.46191110217133,11.356404091398932,,,,1,,,https://www.bibliotecasalaborsa.it/bolognaonline/cronologia-di-bologna/2002/la-chiesa-della-beata-vergine-del-carmine-di-monte-donato-passa-alla-diocesi,,,,,,,,,
43,Chiesa della Madonna del Soccorso//Chiesa della Madonna del Borgo di S. Pietro,Chiese,44.502794365805684,11.350791377908603,https://catalogo.fondazionezeri.unibo.it/ricerca.v2.jsp?decorator=layout_resp&apply=true&percorso_ricerca=OA&sortby=LOCALIZZAZIONE&batch=10&view=list&locale=it&PVCS_PVCR_PVCP_PVCC_PVCL_LDCN_PRVS_PRVR_PRVP_PRVC_PRVL_PRCD=Chiesa%20della%20Madonna%20del%20Soccorso%2F%2FChiesa%20della%20Madonna%20del%20Borgo%20di%20S.%20Pietro&page=1&filtrolocalizzazione_OA=5412%7C7286,https://catalogo.fondazionezeri.unibo.it/ricerca.v2.jsp?decorator=layout_resp&apply=true&percorso_ricerca=OA&sortby=LOCALIZZAZIONE&batch=10&view=list&locale=it&PVCS_PVCR_PVCP_PVCC_PVCL_LDCN_PRVS_PRVR_PRVP_PRVC_PRVL_PRCD=Chiesa%20della%20Madonna%20del%20Soccorso%2F%2FChiesa%20della%20Madonna%20del%20Borgo%20di%20S.%20Pietro&page=1&filtroprovenienza_OA=5412%7C7286,,17,,"https://www.originebologna.com/strade/mura-della-citta-wip/n-2379-2380/",,,,,,,,,,
44,Chiesa della Madonna di Galliera,Chiese,44.496699476604874,11.342382949072046,https://catalogo.fondazionezeri.unibo.it/ricerca.v2.jsp?decorator=layout_resp&apply=true&percorso_ricerca=OA&sortby=LOCALIZZAZIONE&batch=10&view=list&locale=it&PVCS_PVCR_PVCP_PVCC_PVCL_LDCN_PRVS_PRVR_PRVP_PRVC_PRVL_PRCD=Chiesa%20della%20Madonna%20di%20Galliera&page=1&filtrolocalizzazione_OA=5412%7C3275,https://catalogo.fondazionezeri.unibo.it/ricerca.v2.jsp?decorator=layout_resp&apply=true&percorso_ricerca=OA&sortby=LOCALIZZAZIONE&batch=10&view=list&locale=it&PVCS_PVCR_PVCP_PVCC_PVCL_LDCN_PRVS_PRVR_PRVP_PRVC_PRVL_PRCD=Chiesa%20della%20Madonna%20di%20Galliera&page=1&filtroprovenienza_OA=5412%7C2883,https://catalogo.fondazionezeri.unibo.it/ricerca.v2.jsp?decorator=layout_resp&apply=true&percorso_ricerca=OA&sortby=LOCALIZZAZIONE&batch=10&view=list&locale=it&SGTI_SGTT=Chiesa+della+Madonna+di+Galliera,35,,https://www.originebologna.com/strade/galliera/n-476-477/,,,,,,,,,,
45,Chiesa della Rocca di Galliera,Chiese,44.50401225517284,11.345518177908607,,https://catalogo.fondazionezeri.unibo.it/ricerca.v2.jsp?decorator=layout_resp&apply=true&percorso_ricerca=OA&sortby=LOCALIZZAZIONE&batch=10&view=list&locale=it&PVCS_PVCR_PVCP_PVCC_PVCL_LDCN_PRVS_PRVR_PRVP_PRVC_PRVL_PRCD=Chiesa%20della%20Rocca%20di%20Galliera&page=1&filtroprovenienza_OA=5412%7C3343,,2,,https://www.originebologna.com/strade/piazza-della-montagnola/ruderi-del-castello-di-galliera/,,,,,,,,,,
46,Chiesa della SS. Annunziata,Chiese,44.48596480266555,11.33992909139893,https://catalogo.fondazionezeri.unibo.it/ricerca.v2.jsp?decorator=layout_resp&apply=true&percorso_ricerca=OA&sortby=LOCALIZZAZIONE&batch=10&view=list&locale=it&PVCS_PVCR_PVCP_PVCC_PVCL_LDCN_PRVS_PRVR_PRVP_PRVC_PRVL_PRCD=Chiesa%20della%20SS.%20Annunziata&page=1&filtrolocalizzazione_OA=5412%7C68,,,5,,,,,,,,,,,https://chieseitaliane.chiesacattolica.it/chieseitaliane/AccessoEsterno.do?mode=guest&code=67102&Chiesa_della_Santissima_Annunziata_a_Porta_Procula__Bologna,
47,Chiesa della SS. Trinità,Chiese,44.48764189062166,11.35270210860107,https://catalogo.fondazionezeri.unibo.it/ricerca.v2.jsp?decorator=layout_resp&apply=true&percorso_ricerca=OA&sortby=LOCALIZZAZIONE&batch=10&view=list&locale=it&PVCS_PVCR_PVCP_PVCC_PVCL_LDCN_PRVS_PRVR_PRVP_PRVC_PRVL_PRCD=Chiesa%20della%20SS.%20Trinit%C3%A0&page=1&filtrolocalizzazione_OA=5412%7C493,,,8,,https://www.originebologna.com/strade/strada-santo-stefano-1/n-114-87-89-chiesa-e-convento-di-monache-gesuate-dette-della-ss-trinita/,,,,,,,,,,
48,Chiesa di S. Agata,Chiese,44.49253752667918,11.345724606745165,,https://catalogo.fondazionezeri.unibo.it/ricerca.v2.jsp?decorator=layout_resp&apply=true&percorso_ricerca=OA&sortby=LOCALIZZAZIONE&batch=10&view=list&locale=it&PVCS_PVCR_PVCP_PVCC_PVCL_LDCN_PRVS_PRVR_PRVP_PRVC_PRVL_PRCD=Chiesa%20di%20S.%20Agata&page=1&filtroprovenienza_OA=5412%7C512,,1,,,,,,,,https://digital.fondazionecarisbo.it/artwork/chiesa-di-s-agata-e-palazzo-pepoli,,,,
49,Chiesa di S. Agnese,Chiese,44.48865735763835,11.336120350927951,,https://catalogo.fondazionezeri.unibo.it/ricerca.v2.jsp?decorator=layout_resp&apply=true&percorso_ricerca=OA&sortby=LOCALIZZAZIONE&batch=10&view=list&locale=it&PVCS_PVCR_PVCP_PVCC_PVCL_LDCN_PRVS_PRVR_PRVP_PRVC_PRVL_PRCD=Chiesa%20di%20S.%20Agnese&page=1&filtroprovenienza_OA=5412%7C2318,,4,,https://www.originebologna.com/strade/prato-di-sant-antonio/n-11-convento-delle-monache-domenicane-di-sant-agnese/,,,,,,,,,,
50,Convento di S. Agnese,Conventi e monasteri,44.48854079763076,11.337483462500543,,https://catalogo.fondazionezeri.unibo.it/ricerca.v2.jsp?decorator=layout_resp&apply=true&percorso_ricerca=OA&sortby=LOCALIZZAZIONE&batch=10&view=list&locale=it&PVCS_PVCR_PVCP_PVCC_PVCL_LDCN_PRVS_PRVR_PRVP_PRVC_PRVL_PRCD=Convento%20di%20S.%20Agnese&page=1&filtroprovenienza_OA=5412%7C478,,5,,,,,,http://www.centrofasoli.unibo.it/cd_bo/fonti_iconografiche/generale/vaticana%20schede/santAgnese.html,,,,,,
51,Chiesa di S. Antonio Abate,Chiese,44.48871484983679,11.33959444086936,https://catalogo.fondazionezeri.unibo.it/ricerca.v2.jsp?decorator=layout_resp&apply=true&percorso_ricerca=OA&sortby=LOCALIZZAZIONE&batch=10&view=list&locale=it&PVCS_PVCR_PVCP_PVCC_PVCL_LDCN_PRVS_PRVR_PRVP_PRVC_PRVL_PRCD=Chiesa%20di%20S.%20Antonio%20Abate&page=1&filtrolocalizzazione_OA=5412%7C5293,https://catalogo.fondazionezeri.unibo.it/ricerca.v2.jsp?decorator=layout_resp&apply=true&percorso_ricerca=OA&sortby=LOCALIZZAZIONE&batch=10&view=list&locale=it&PVCS_PVCR_PVCP_PVCC_PVCL_LDCN_PRVS_PRVR_PRVP_PRVC_PRVL_PRCD=Chiesa%20di%20S.%20Antonio%20Abate&page=1&filtroprovenienza_OA=5412%7C5293,,4,,https://www.originebologna.com/strade/san-mamolo/n-116-53/,,,,,,,,,,
52,Chiesa di S. Antonio di Savena,Chiese,44.49269097968934,11.369382735581722,https://catalogo.fondazionezeri.unibo.it/scheda/opera/40639/Fontana%20Prospero%2C%20Madonna%20con%20Bambino%20in%20trono%2C%20san%20Giovannino%2C%20sant%27Antonio%20Abate%20e%20san%20Pietro,,,5,,,,,,,,,,https://catalogo.beniculturali.it/detail/ArchitecturalOrLandscapeHeritage/0800242099,,
53,Chiesa di S. Barbaziano,Chiese,44.49248865359745,11.337857420235492,,https://catalogo.fondazionezeri.unibo.it/ricerca.v2.jsp?decorator=layout_resp&apply=true&percorso_ricerca=OA&sortby=LOCALIZZAZIONE&batch=10&view=list&locale=it&PVCS_PVCR_PVCP_PVCC_PVCL_LDCN_PRVS_PRVR_PRVP_PRVC_PRVL_PRCD=Chiesa%20di%20S.%20Barbaziano&page=1&filtroprovenienza_OA=5412%7C7292,,1,,https://www.originebologna.com/strade/barbaziana-via/n-1234/,,,,,,,,,,
54,Chiesa di S. Basilio il Grande (ex chiesa di S. Anna),Chiese,44.49425479502665,11.332148106745164,https://catalogo.fondazionezeri.unibo.it/ricerca.v2.jsp?decorator=layout_resp&apply=true&percorso_ricerca=OA&sortby=LOCALIZZAZIONE&batch=10&view=list&locale=it&PVCS_PVCR_PVCP_PVCC_PVCL_LDCN_PRVS_PRVR_PRVP_PRVC_PRVL_PRCD=Chiesa%20di%20S.%20Basilio%20il%20Grande%20(ex%20chiesa%20di%20S.%20Anna)&page=1&filtrolocalizzazione_OA=5412%7C2446,,,3,,https://www.originebologna.com/strade/strada-sant-isaia/n-503-504-505-506-507/,,,,,,,,,,
55,Chiesa di S. Benedetto,Chiese,44.50193522869781,11.344460706745163,https://catalogo.fondazionezeri.unibo.it/ricerca.v2.jsp?decorator=layout_resp&apply=true&percorso_ricerca=OA&sortby=LOCALIZZAZIONE&batch=10&view=list&locale=it&PVCS_PVCR_PVCP_PVCC_PVCL_LDCN_PRVS_PRVR_PRVP_PRVC_PRVL_PRCD=Chiesa%20di%20S.%20Benedetto&page=1&filtrolocalizzazione_OA=5412%7C3355,,,11,,https://www.originebologna.com/strade/galliera/n-526/,,,,,,,,,,
56,Chiesa di S. Bernardo,Chiese,44.487774404158635,11.345171839944372,,https://catalogo.fondazionezeri.unibo.it/ricerca.v2.jsp?decorator=layout_resp&apply=true&percorso_ricerca=OA&sortby=LOCALIZZAZIONE&batch=10&view=list&locale=it&PVCS_PVCR_PVCP_PVCC_PVCL_LDCN_PRVS_PRVR_PRVP_PRVC_PRVL_PRCD=Chiesa%20di%20S.%20Bernardo&page=1&filtroprovenienza_OA=5412%7C6400,,1,,https://www.originebologna.com/strade/borgo-degli-arienti/nn-643-647/,,,,,,,,,,
57,Chiesa di S. Carlo,Chiese,44.50127329283731,11.34080219425281,https://catalogo.fondazionezeri.unibo.it/ricerca.v2.jsp?decorator=layout_resp&apply=true&percorso_ricerca=OA&sortby=LOCALIZZAZIONE&batch=10&view=list&locale=it&PVCS_PVCR_PVCP_PVCC_PVCL_LDCN_PRVS_PRVR_PRVP_PRVC_PRVL_PRCD=Chiesa%20di%20S.%20Carlo&page=1&filtrolocalizzazione_OA=5412%7C8716,,,,https://www.storiaememoriadibologna.it/archivio/luoghi/san-carlo,,,,,,,,,,,
58,Chiesa di S. Caterina di Saragozza,Chiese,44.49026197039064,11.332638177908603,https://catalogo.fondazionezeri.unibo.it/ricerca.v2.jsp?decorator=layout_resp&apply=true&percorso_ricerca=OA&sortby=LOCALIZZAZIONE&batch=10&view=list&locale=it&PVCS_PVCR_PVCP_PVCC_PVCL_LDCN_PRVS_PRVR_PRVP_PRVC_PRVL_PRCD=Chiesa%20di%20S.%20Caterina%20di%20Saragozza&page=1&filtrolocalizzazione_OA=5412%7C10074,,,1,,https://www.originebologna.com/strade/strada-di-saragozza/n224/,,,,,,,,,,
59,Chiesa di S. Caterina di Strada Maggiore,Chiese,44.49120987586405,11.354973677908605,https://catalogo.fondazionezeri.unibo.it/ricerca.v2.jsp?decorator=layout_resp&apply=true&percorso_ricerca=OA&sortby=LOCALIZZAZIONE&batch=10&view=list&locale=it&PVCS_PVCR_PVCP_PVCC_PVCL_LDCN_PRVS_PRVR_PRVP_PRVC_PRVL_PRCD=Chiesa%20di%20S.%20Caterina%20di%20Strada%20Maggiore&page=1&filtrolocalizzazione_OA=5412%7C3374,,,12,,https://www.originebologna.com/strade/strada-maggiore/n-216-217/,,,,,,,,,,
60,Chiesa di S. Colombano (ex),Chiese,44.49667516304708,11.340938623969736,https://catalogo.fondazionezeri.unibo.it/ricerca.v2.jsp?decorator=layout_resp&apply=true&percorso_ricerca=OA&sortby=LOCALIZZAZIONE&batch=10&view=list&locale=it&PVCS_PVCR_PVCP_PVCC_PVCL_LDCN_PRVS_PRVR_PRVP_PRVC_PRVL_PRCD=Chiesa%20di%20S.%20Colombano%20(ex)&page=1&filtrolocalizzazione_OA=5412%7C8914,,,3,,https://www.originebologna.com/strade/parisi-via/n-767-766-765/,,,,,,,,,,
61,Oratorio di S. Colombano,Oratori,44.49667516304708,11.340938623969736,"https://catalogo.fondazionezeri.unibo.it/ricerca.v2.jsp?decorator=layout_resp&apply=true&percorso_ricerca=OA&sortby=LOCALIZZAZIONE&batch=10&view=list&locale=it&PVCS_PVCR_PVCP_PVCC_PVCL_LDCN_PRVS_PRVR_PRVP_PRVC_PRVL_PRCD=Oratorio+di+S.+Colombano",,,9,,,,,,,,,,,,
62,Chiesa di S. Cristina,Chiese,44.488791534298535,11.354867193254835,https://catalogo.fondazionezeri.unibo.it/ricerca.v2.jsp?decorator=layout_resp&apply=true&percorso_ricerca=OA&sortby=LOCALIZZAZIONE&batch=10&view=list&locale=it&PVCS_PVCR_PVCP_PVCC_PVCL_LDCN_PRVS_PRVR_PRVP_PRVC_PRVL_PRCD=Chiesa%20di%20S.%20Cristina&page=1&filtrolocalizzazione_OA=5412%7C6143,,,13,,https://www.originebologna.com/strade/fondazza/n-413-414/,,,,,,,,,,
63,Convento di S. Cristina,Conventi e monasteri,44.488791534298535,11.354867193254835,,https://catalogo.fondazionezeri.unibo.it/ricerca.v2.jsp?decorator=layout_resp&apply=true&percorso_ricerca=OA&sortby=LOCALIZZAZIONE&batch=10&view=list&locale=it&PVCS_PVCR_PVCP_PVCC_PVCL_LDCN_PRVS_PRVR_PRVP_PRVC_PRVL_PRCD=Convento+di+S.+Cristina,,1,,https://www.originebologna.com/strade/fondazza/n-413-414/,,,,,,,,,,
64,Chiesa di S. Croce e S. Giuseppe,Chiese,44.4873702570383,11.33985818412714,,,,1,,,,,,,,,,https://catalogo.beniculturali.it/detail/ArchitecturalOrLandscapeHeritage/0800319058,,
65,Conservatorio di zitelle dette di Santa Croce,Altri luoghi di culto,44.48754439883107,11.339656620235491,,,,1,,https://www.originebologna.com/strade/san-mamolo/n-10-11/,,,,,,,,,,
66,Chiesa di S. Egidio,Chiese,44.50004591140558,11.358566950927953,https://catalogo.fondazionezeri.unibo.it/ricerca.v2.jsp?decorator=layout_resp&apply=true&percorso_ricerca=OA&sortby=LOCALIZZAZIONE&batch=10&view=list&locale=it&PVCS_PVCR_PVCP_PVCC_PVCL_LDCN_PRVS_PRVR_PRVP_PRVC_PRVL_PRCD=Chiesa%20di%20S.%20Egidio&page=1&filtrolocalizzazione_OA=5412%7C3421,,,1,"https://www.storiaememoriadibologna.it/archivio/luoghi/chiesa-di-santegidio",,,,,,,,,,,
67,Chiesa di S. Eugenio,Chiese,44.48619358137666,11.315151235581721,https://catalogo.fondazionezeri.unibo.it/ricerca.v2.jsp?decorator=layout_resp&apply=true&percorso_ricerca=OA&sortby=LOCALIZZAZIONE&batch=10&view=list&locale=it&PVCS_PVCR_PVCP_PVCC_PVCL_LDCN_PRVS_PRVR_PRVP_PRVC_PRVL_PRCD=Chiesa%20di%20S.%20Eugenio&page=1&filtrolocalizzazione_OA=5412%7C2728,,,1,,,,,,,,,https://www.beweb.chiesacattolica.it/edificidiculto/edificio/64717/Chiesa+di+Sant%27Eugenio,,,
68,Chiesa di S. Giorgio in Poggiale,Chiese,44.497550912254084,11.339431171701863,,https://catalogo.fondazionezeri.unibo.it/ricerca.v2.jsp?decorator=layout_resp&apply=true&percorso_ricerca=OA&sortby=LOCALIZZAZIONE&batch=10&view=list&locale=it&PVCS_PVCR_PVCP_PVCC_PVCL_LDCN_PRVS_PRVR_PRVP_PRVC_PRVL_PRCD=Chiesa%20di%20S.%20Giorgio%20in%20Poggiale&page=1&filtroprovenienza_OA=5412%7C7577,,6,,https://www.originebologna.com/strade/poggiale-via-del/n-718-719/,,,,,,,,,,
69,Chiesa di S. Giovanni Battista dei Celestini,Chiese,44.49237246070103,11.341759749072047,https://catalogo.fondazionezeri.unibo.it/ricerca.v2.jsp?decorator=layout_resp&apply=true&percorso_ricerca=OA&sortby=LOCALIZZAZIONE&batch=10&view=list&locale=it&PVCS_PVCR_PVCP_PVCC_PVCL_LDCN_PRVS_PRVR_PRVP_PRVC_PRVL_PRCD=Chiesa%20di%20S.%20Giovanni%20Battista%20dei%20Celestini&page=1&filtrolocalizzazione_OA=5412%7C10014,https://catalogo.fondazionezeri.unibo.it/ricerca.v2.jsp?decorator=layout_resp&apply=true&percorso_ricerca=OA&sortby=LOCALIZZAZIONE&batch=10&view=list&locale=it&PVCS_PVCR_PVCP_PVCC_PVCL_LDCN_PRVS_PRVR_PRVP_PRVC_PRVL_PRCD=Chiesa%20di%20S.%20Giovanni%20Battista%20dei%20Celestini&page=1&filtroprovenienza_OA=5412%7C8271,,17,https://www.storiaememoriadibologna.it/archivio/luoghi/chiesa-di-san-giovanni-battista-dei-celestini,,,,,,,,,,,
70,Convento di S. Giovanni Battista dei Celestini,Conventi e monasteri,44.492143912020474,11.341553072185008,,,,2,,https://www.originebologna.com/strade/celestini-piazza-dei/n-1377/,,,,,,,,,,
71,Chiesa di S. Giovanni in Monte,Chiese,44.491003704626095,11.34830362023549,https://catalogo.fondazionezeri.unibo.it/ricerca.v2.jsp?decorator=layout_resp&apply=true&percorso_ricerca=OA&sortby=LOCALIZZAZIONE&batch=10&view=list&locale=it&PVCS_PVCR_PVCP_PVCC_PVCL_LDCN_PRVS_PRVR_PRVP_PRVC_PRVL_PRCD=Chiesa%20di%20S.%20Giovanni%20in%20Monte&page=1&filtrolocalizzazione_OA=5412%7C3204,https://catalogo.fondazionezeri.unibo.it/ricerca.v2.jsp?decorator=layout_resp&apply=true&percorso_ricerca=OA&sortby=LOCALIZZAZIONE&batch=10&view=list&locale=it&PVCS_PVCR_PVCP_PVCC_PVCL_LDCN_PRVS_PRVR_PRVP_PRVC_PRVL_PRCD=Chiesa%20di%20S.%20Giovanni%20in%20Monte&page=1&filtroprovenienza_OA=5412%7C3204,https://catalogo.fondazionezeri.unibo.it/ricerca.v2.jsp?decorator=layout_resp&apply=true&percorso_ricerca=OA&sortby=LOCALIZZAZIONE&batch=10&view=list&locale=it&SGTI_SGTT=Chiesa+di+S.+Giovanni+in+Monte#lg=1&slide=0,67,,https://www.originebologna.com/strade/piazzetta-di-san-giovanni-in-monte/chiesa-di-san-giovanni-in-monte/,,,,,,,,,,
72,Monastero di S. Giovanni in Monte (ex),Conventi e monasteri,44.490704157470674,11.348117313207181,https://catalogo.fondazionezeri.unibo.it/ricerca.v2.jsp?decorator=layout_resp&apply=true&percorso_ricerca=OA&sortby=LOCALIZZAZIONE&batch=10&view=list&locale=it&PVCS_PVCR_PVCP_PVCC_PVCL_LDCN_PRVS_PRVR_PRVP_PRVC_PRVL_PRCD=Monastero%20di%20S.%20Giovanni%20in%20Monte%20(ex)&page=1&filtrolocalizzazione_OA=5412%7C9597,,,1,,,,,,,,,,,,
73,Chiesa di S. Girolamo della Certosa,Chiese,44.49796847352381,11.307084735581721,https://catalogo.fondazionezeri.unibo.it/ricerca.v2.jsp?decorator=layout_resp&apply=true&percorso_ricerca=OA&sortby=LOCALIZZAZIONE&batch=10&view=list&locale=it&PVCS_PVCR_PVCP_PVCC_PVCL_LDCN_PRVS_PRVR_PRVP_PRVC_PRVL_PRCD=Chiesa%20di%20S.%20Girolamo%20della%20Certosa&page=1&filtrolocalizzazione_OA=5412%7C5591,https://catalogo.fondazionezeri.unibo.it/ricerca.v2.jsp?decorator=layout_resp&apply=true&percorso_ricerca=OA&sortby=LOCALIZZAZIONE&batch=10&view=list&locale=it&PVCS_PVCR_PVCP_PVCC_PVCL_LDCN_PRVS_PRVR_PRVP_PRVC_PRVL_PRCD=Chiesa%20di%20S.%20Girolamo%20della%20Certosa&page=1&filtroprovenienza_OA=5412%7C7418,,22,https://www.storiaememoriadibologna.it/archivio/luoghi/chiesa-di-san-girolamo-della-certosa,,,,,,,,,,,
74,Monastero della Certosa,"Conventi e monasteri, Non più esistente",44.49796847352381,11.307084735581721,,,,1,,,,,,,,,,,,
75,Cimitero Monumentale della Certosa,Altri luoghi di culto,44.49796847352381,11.307084735581721,,,,2,,,,,,,,,,,,
76,Chiesa di S. Girolamo dell'Arcoveggio,Chiese,44.5179412250713,11.342140776052698,,,,1,,,,https://it.wikipedia.org/wiki/Chiesa_di_San_Girolamo_(Bologna),,,,,,,,
77,Chiesa di S. Girolamo di Miramonte,Chiese,44.48662162728933,11.341898323313709,,"https://catalogo.fondazionezeri.unibo.it/ricerca.v2.jsp?decorator=layout_resp&apply=true&percorso_ricerca=OA&sortby=LOCALIZZAZIONE&batch=10&view=list&locale=it&PVCS_PVCR_PVCP_PVCC_PVCL_LDCN_PRVS_PRVR_PRVP_PRVC_PRVL_PRCD=Chiesa%20di%20S.%20Girolamo%20Miramonte&page=1&filtroprovenienza_OA=5412%7C8908",,7,,,,,,http://www.centrofasoli.unibo.it/cd_bo/fonti_iconografiche/Conti/generale/miramonte.html,,,,,,
78,Chiesa di S. Giuliano,Chiese,44.48521165386098,11.355399938987953,"https://catalogo.fondazionezeri.unibo.it/ricerca.v2.jsp?decorator=layout_resp&apply=true&percorso_ricerca=OA&sortby=LOCALIZZAZIONE&batch=10&view=list&locale=it&PVCS_PVCR_PVCP_PVCC_PVCL_LDCN_PRVS_PRVR_PRVP_PRVC_PRVL_PRCD=Chiesa%20di%20S.%20Giuliano&page=1&filtrolocalizzazione_OA=5412%7C3414",,,15,,https://www.originebologna.com/strade/strada-santo-stefano-1/n-134-121-123-chiesa-abbaziale-e-parrocchiale-di-s-giuliano/,,,,,,,,,,
79,Chiesa di S. Giuseppe ai Cappuccini//Santuario di S. Giuseppe,Chiese,44.48953659399485,11.32615600610614,,,,9,https://www.storiaememoriadibologna.it/archivio/luoghi/santuario-di-san-giuseppe,,,,,,,,,,,
80,Convento di S. Giuseppe dei Cappuccini,Conventi e monasteri,44.48953659399485,11.32615600610614,https://catalogo.fondazionezeri.unibo.it/ricerca.v2.jsp?decorator=layout_resp&apply=true&percorso_ricerca=OA&sortby=LOCALIZZAZIONE&batch=10&view=list&locale=it&PVCS_PVCR_PVCP_PVCC_PVCL_LDCN_PRVS_PRVR_PRVP_PRVC_PRVL_PRCD=Convento%20di%20S.%20Giuseppe%20dei%20Cappuccini&page=1&filtrolocalizzazione_OA=5412%7C5683,,,3,,,,,,,,,,,,
81,Museo di S. Giuseppe,Musei,44.48953659399485,11.32615600610614,https://catalogo.fondazionezeri.unibo.it/ricerca.v2.jsp?decorator=layout_resp&apply=true&percorso_ricerca=OA&sortby=LOCALIZZAZIONE&batch=10&view=list&locale=it&PVCS_PVCR_PVCP_PVCC_PVCL_LDCN_PRVS_PRVR_PRVP_PRVC_PRVL_PRCD=Museo%20di%20S.%20Giuseppe&page=1&filtrolocalizzazione_OA=5412%7C3365,,,17,,,,,,,,,,,,
82,Chiesa e convento di S. Maria Maddalena (ex S. Giuseppe di Galliera),Chiese,44.49998194492331,11.343199037796573,,,,3,,https://www.originebologna.com/strade/galliera/n-501-502/ ; https://www.originebologna.com/strade/galliera/convento-domenicano-di-santa-maria-maddalena/,,,,,,,,,,
83,Chiesa di S. Ignazio,Chiese,44.49815863445392,11.353057585048498,,,,,,https://www.originebologna.com/strade/borgo-della-paglia/n-2840-2841-2842-2843/,,,,,,,,,,
84,Chiesa di S. Isaia,Chiese,44.494736131473964,11.334320221086736,https://catalogo.fondazionezeri.unibo.it/ricerca.v2.jsp?decorator=layout_resp&apply=true&percorso_ricerca=OA&sortby=LOCALIZZAZIONE&batch=10&view=list&locale=it&PVCS_PVCR_PVCP_PVCC_PVCL_LDCN_PRVS_PRVR_PRVP_PRVC_PRVL_PRCD=Chiesa%20di%20S.%20Isaia&page=1&filtrolocalizzazione_OA=5412%7C4163,,,3,https://www.storiaememoriadibologna.it/archivio/luoghi/chiesa-di-santisaia,,,,,,,,,,,
85,Chiesa di S. Leonardo,Chiese,44.4941409828166,11.354838683336283,,https://catalogo.fondazionezeri.unibo.it/ricerca.v2.jsp?decorator=layout_resp&apply=true&percorso_ricerca=OA&sortby=LOCALIZZAZIONE&batch=10&view=list&locale=it&PVCS_PVCR_PVCP_PVCC_PVCL_LDCN_PRVS_PRVR_PRVP_PRVC_PRVL_PRCD=Chiesa%20di%20S.%20Leonardo&page=1&filtroprovenienza_OA=5412%7C6751,,6,,https://www.originebologna.com/strade/strada-san-vitale/n-138-139/,,,,,,,,,,
86,Chiesa di S. Leonardo delle Carceri,Chiese,44.49437050090381,11.34372572023549,,https://catalogo.fondazionezeri.unibo.it/ricerca.v2.jsp?decorator=layout_resp&apply=true&percorso_ricerca=OA&sortby=LOCALIZZAZIONE&batch=10&view=list&locale=it&PVCS_PVCR_PVCP_PVCC_PVCL_LDCN_PRVS_PRVR_PRVP_PRVC_PRVL_PRCD=Chiesa+di+S.+Leonardo+delle+Carceri,,1,,https://www.originebologna.com/strade/canepa-piazzetta-della/chiesa-di-san-leonardo-dei-carcerati/,,,,,,,,,,
87,Chiesa di S. Lorenzo (ex S. Maria del Cestello),Chiese,44.48809122566851,11.3480700889543,,,,1,,https://www.originebologna.com/strade/strada-castiglione/n-396-397/,,,,,,,,,,
88,Chiesa di S. Lucia,Chiese,44.49033421279163,11.34750840271384,,"https://catalogo.fondazionezeri.unibo.it/ricerca.v2.jsp?decorator=layout_resp&apply=true&percorso_ricerca=OA&sortby=LOCALIZZAZIONE&batch=10&view=list&locale=it&PVCS_PVCR_PVCP_PVCC_PVCL_LDCN_PRVS_PRVR_PRVP_PRVC_PRVL_PRCD=Chiesa%20di%20S.%20Lucia&page=1&filtroprovenienza_OA=5412%7C559",,2,,,https://www.bibliotecasalaborsa.it/bolognaonline/bologna-dello-sport/i-luoghi-dello-sport-a-bologna/ex-chiesa-di-s-lucia,,,,,,,,,
89,Chiesa di S. Marco,Chiese,44.49473049531412,11.346674641104569,,,,,,https://www.originebologna.com/strade/porta-ravegnana-piazza-di/n-71/,,,,,,,,,,
90,Chiesa di S. Margherita,Chiese,44.492676029016586,11.341248986035831,,,,,,https://www.originebologna.com/strade/pugliole-di-santa-margherita/n-1440-chiesa-e-monastero-di-monache-benedettine-di-santa-margherita/,,,,,,,,,,
91,Chiesa di S. Maria dei Bulgari (ex),Chiese,44.49221357481868,11.343874364418278,https://catalogo.fondazionezeri.unibo.it/ricerca.v2.jsp?decorator=layout_resp&apply=true&percorso_ricerca=OA&sortby=LOCALIZZAZIONE&batch=10&view=list&locale=it&PVCS_PVCR_PVCP_PVCC_PVCL_LDCN_PRVS_PRVR_PRVP_PRVC_PRVL_PRCD=Chiesa%20di%20S.%20Maria%20dei%20Bulgari%20(ex)&page=1&filtrolocalizzazione_OA=5412%7C8361,,,20,,,,,,,https://www.archiginnasio.it/visita-l-archiginnasio/santa-maria-dei-bulgari,,,,,
92,Chiesa di S. Maria degli Angeli,Chiese,44.485898778941426,11.349353647664826,,https://catalogo.fondazionezeri.unibo.it/ricerca.v2.jsp?decorator=layout_resp&apply=true&percorso_ricerca=OA&sortby=LOCALIZZAZIONE&batch=10&view=list&locale=it&PVCS_PVCR_PVCP_PVCC_PVCL_LDCN_PRVS_PRVR_PRVP_PRVC_PRVL_PRCD=Chiesa%20di%20S.%20Maria%20degli%20Angeli&page=1&filtroprovenienza_OA=5412%7C336,,2,,https://www.originebologna.com/strade/angeli/n-295-2-28-chiesa-di-santa-maria-degli-angeli/,,,,,,,,,,
93,Convento di S. Maria degli Angeli,Conventi e monasteri,44.491698474934346,11.334788777908603,,,,2,,https://www.originebologna.com/strade/nosadella/n-653-652-651/,,,,,,,,,,
94,Chiesa di S. Maria della Carità,Chiese,44.497883089609644,11.331825102534365,https://catalogo.fondazionezeri.unibo.it/ricerca.v2.jsp?decorator=layout_resp&apply=true&percorso_ricerca=OA&sortby=LOCALIZZAZIONE&batch=10&view=list&locale=it&PVCS_PVCR_PVCP_PVCC_PVCL_LDCN_PRVS_PRVR_PRVP_PRVC_PRVL_PRCD=Chiesa%20di%20S.%20Maria%20della%20Carit%C3%A0&page=1&filtrolocalizzazione_OA=5412%7C6312,https://catalogo.fondazionezeri.unibo.it/ricerca.v2.jsp?decorator=layout_resp&apply=true&percorso_ricerca=OA&sortby=LOCALIZZAZIONE&batch=10&view=list&locale=it&PVCS_PVCR_PVCP_PVCC_PVCL_LDCN_PRVS_PRVR_PRVP_PRVC_PRVL_PRCD=Chiesa%20di%20S.%20Maria%20della%20Carit%C3%A0&page=1&filtroprovenienza_OA=5412%7C6312,,9,,https://www.originebologna.com/strade/san-felice/n-37/,,,,,,,,,,
95,Chiesa di S. Maria della Libertà,Chiese,44.48843157168212,11.335082698682516,,https://catalogo.fondazionezeri.unibo.it/ricerca.v2.jsp?decorator=layout_resp&apply=true&percorso_ricerca=OA&sortby=LOCALIZZAZIONE&batch=10&view=list&locale=it&PVCS_PVCR_PVCP_PVCC_PVCL_LDCN_PRVS_PRVR_PRVP_PRVC_PRVL_PRCD=Chiesa+di+S.+Maria+della+Libert%C3%A0,,1,,https://www.originebologna.com/strade/mura-della-citta-wip/n-281/,,,,,,,,,,
96,Chiesa di S. Maria e S. Domenico alla Mascarella,Chiese,44.49966604535825,11.35024589696665,,,,1,,https://www.originebologna.com/strade/mascarella/n-1573/,,,,,,,,,,
97,Oratorio di S. Maria Maddalena della Mascarella,Oratori,44.4995798744547,11.350129593254836,https://catalogo.fondazionezeri.unibo.it/ricerca.v2.jsp?decorator=layout_resp&apply=true&percorso_ricerca=OA&sortby=LOCALIZZAZIONE&batch=10&view=list&locale=it&PVCS_PVCR_PVCP_PVCC_PVCL_LDCN_PRVS_PRVR_PRVP_PRVC_PRVL_PRCD=Oratorio%20di%20S.%20Maria%20Maddalena%20della%20Mascarella&page=1&filtrolocalizzazione_OA=5412%7C3245,https://catalogo.fondazionezeri.unibo.it/ricerca.v2.jsp?decorator=layout_resp&apply=true&percorso_ricerca=OA&sortby=LOCALIZZAZIONE&batch=10&view=list&locale=it&PVCS_PVCR_PVCP_PVCC_PVCL_LDCN_PRVS_PRVR_PRVP_PRVC_PRVL_PRCD=Oratorio%20di%20S.%20Maria%20Maddalena%20della%20Mascarella&page=1&filtroprovenienza_OA=5412%7C4211,,3,,,,,,,,,,https://catalogo.beniculturali.it/detail/PhotographicHeritage/0800634357,,
98,Chiesa di S. Maria e S. Valentino della Grada,Chiese,44.4974268167336,11.328042250927952,,,,,,https://www.originebologna.com/strade/mura-della-citta-wip/n-930-chiesa-della-madonna-della-grada/,,,,,,,,,,
99,Chiesa di S. Maria della Misericordia,Chiese,44.48480752291994,11.349154876052701,https://catalogo.fondazionezeri.unibo.it/ricerca.v2.jsp?decorator=layout_resp&apply=true&percorso_ricerca=OA&sortby=LOCALIZZAZIONE&batch=10&view=list&locale=it&PVCS_PVCR_PVCP_PVCC_PVCL_LDCN_PRVS_PRVR_PRVP_PRVC_PRVL_PRCD=Chiesa%20di%20S.%20Maria%20della%20Misericordia&page=1&filtrolocalizzazione_OA=5412%7C3312,https://catalogo.fondazionezeri.unibo.it/ricerca.v2.jsp?decorator=layout_resp&apply=true&percorso_ricerca=OA&sortby=LOCALIZZAZIONE&batch=10&view=list&locale=it&PVCS_PVCR_PVCP_PVCC_PVCL_LDCN_PRVS_PRVR_PRVP_PRVC_PRVL_PRCD=Chiesa%20di%20S.%20Maria%20della%20Misericordia&page=1&filtroprovenienza_OA=5412%7C3312,"https://catalogo.fondazionezeri.unibo.it/scheda/opera/118872/Maestranze%20sec.%20XV%20XVI%2C%20null",16,,,https://www.bibliotecasalaborsa.it/bolognaonline/i-cartigli-di-bologna-edifici-storici-giardini-e-canali/place/chiesa-di-santa-maria-della-misericordia-832a6b,,,,,,,,,
100,Chiesa di S. Maria della Morte,Chiese,44.49341904830312,11.34431249576172,,,,2,,https://www.originebologna.com/strade/morte-via-della/n-1124/,,,,,,,,,,
101,Chiesa di S. Maria della Pietà,Chiese,44.494346729210086,11.35557910860107,https://catalogo.fondazionezeri.unibo.it/ricerca.v2.jsp?decorator=layout_resp&apply=true&percorso_ricerca=OA&sortby=LOCALIZZAZIONE&batch=10&view=list&locale=it&PVCS_PVCR_PVCP_PVCC_PVCL_LDCN_PRVS_PRVR_PRVP_PRVC_PRVL_PRCD=Chiesa%20di%20S.%20Maria%20della%20Piet%C3%A0&page=1&filtrolocalizzazione_OA=5412%7C6880,https://catalogo.fondazionezeri.unibo.it/ricerca.v2.jsp?decorator=layout_resp&apply=true&percorso_ricerca=OA&sortby=LOCALIZZAZIONE&batch=10&view=list&locale=it&PVCS_PVCR_PVCP_PVCC_PVCL_LDCN_PRVS_PRVR_PRVP_PRVC_PRVL_PRCD=Chiesa%20di%20S.%20Maria%20della%20Piet%C3%A0&page=1&filtroprovenienza_OA=5412%7C6880,,19,,https://www.originebologna.com/strade/strada-san-vitale/n-7-14/,,,,,,,,,,
102,Chiesa di S. Maria della Purificazione,Chiese,44.49971195968511,11.350074235581722,,,,1,,https://www.originebologna.com/strade/mascarella/n-1573/,,,,,,,,,,
103,Chiesa di S. Maria delle Grazie,Chiese,44.50032037246235,11.3252644760527,,https://catalogo.fondazionezeri.unibo.it/ricerca.v2.jsp?decorator=layout_resp&apply=true&percorso_ricerca=OA&sortby=LOCALIZZAZIONE&batch=10&view=list&locale=it&PVCS_PVCR_PVCP_PVCC_PVCL_LDCN_PRVS_PRVR_PRVP_PRVC_PRVL_PRCD=Chiesa%20di%20S.%20Maria%20delle%20Grazie&page=1&filtroprovenienza_OA=5412%7C801,,2,,,,,,,,,,,,
104,Chiesa di S. Maria delle Laudi,Chiese,44.49612847695958,11.336721951061268,,,,1,,https://www.originebologna.com/strade/san-felice/n-70-71/,,,,,,,,,,
105,Chiesa di S. Maria delle Muratelle,Chiese,44.490440199043555,11.337253562562372,,https://catalogo.fondazionezeri.unibo.it/ricerca.v2.jsp?decorator=layout_resp&apply=true&percorso_ricerca=OA&sortby=LOCALIZZAZIONE&batch=10&view=list&locale=it&PVCS_PVCR_PVCP_PVCC_PVCL_LDCN_PRVS_PRVR_PRVP_PRVC_PRVL_PRCD=Chiesa%20di%20S.%20Maria%20delle%20Muratelle&page=1&filtrolocalizzazione_OA=5412%7C1616,,2,https://www.storiaememoriadibologna.it/archivio/luoghi/chiesa-di-santa-maria-delle-muratelle,,,,,,,,,,,
106,Chiesa di S. Maria delle Rondini,Chiese,44.49284219230643,11.33127119515086,,https://catalogo.fondazionezeri.unibo.it/ricerca.v2.jsp?decorator=layout_resp&apply=true&percorso_ricerca=OA&sortby=LOCALIZZAZIONE&batch=10&view=list&locale=it&PVCS_PVCR_PVCP_PVCC_PVCL_LDCN_PRVS_PRVR_PRVP_PRVC_PRVL_PRCD=Chiesa%20di%20S.%20Maria%20delle%20Rondini&page=1&filtroprovenienza_OA=5412%7C7287,,,,https://www.originebologna.com/strade/rondine-via-della/chiesa-oratorio-di-s-maria-delle-rondini/,,,,,,,,,,
107,Chiesa di S. Maria di Mezzaratta,Chiese,44.48264433860241,11.334579350927951,,https://catalogo.fondazionezeri.unibo.it/ricerca.v2.jsp?decorator=layout_resp&apply=true&percorso_ricerca=OA&sortby=LOCALIZZAZIONE&batch=10&view=list&locale=it&PVCS_PVCR_PVCP_PVCC_PVCL_LDCN_PRVS_PRVR_PRVP_PRVC_PRVL_PRCD=Chiesa%20di%20S.%20Maria%20di%20Mezzaratta&page=1&filtroprovenienza_OA=5412%7C3207,,,,,https://www.bibliotecasalaborsa.it/bolognaonline/mappa-degli-scrittori-e-scrittrici-a-bologna/mezzaratta_villa_minghetti,,,,,,,,,
108,Chiesa di S. Maria Incoronata,Chiese,44.49632548321058,11.356920889044037,https://catalogo.fondazionezeri.unibo.it/ricerca.v2.jsp?decorator=layout_resp&apply=true&percorso_ricerca=OA&sortby=LOCALIZZAZIONE&batch=10&view=list&locale=it&PVCS_PVCR_PVCP_PVCC_PVCL_LDCN_PRVS_PRVR_PRVP_PRVC_PRVL_PRCD=Chiesa%20di%20S.%20Maria%20Incoronata&page=1&filtrolocalizzazione_OA=5412%7C3530,,,2,,https://www.originebologna.com/strade/mura-della-citta-wip/n-3308-3309/,,,,,,,,,,
109,Chiesa di S. Maria Labarum Coeli//Chiesa di S. Maria della Baroncella,Chiese,44.49302705193708,11.341460606745162,https://catalogo.fondazionezeri.unibo.it/ricerca.v2.jsp?decorator=layout_resp&apply=true&percorso_ricerca=OA&sortby=LOCALIZZAZIONE&batch=10&view=list&locale=it&PVCS_PVCR_PVCP_PVCC_PVCL_LDCN_PRVS_PRVR_PRVP_PRVC_PRVL_PRCD=Chiesa%20di%20S.%20Maria%20Labarum%20Coeli%2F%2FChiesa%20di%20S.%20Maria%20della%20Baroncella&page=1&filtrolocalizzazione_OA=5412%7C9972,,,7,,https://www.originebologna.com/strade/fusari/n-12/,,,,,,,,,,
110,Chiesa di S. Maria Lacrimosa degli Alemanni,Chiese,44.48719944562352,11.364898477908604,https://catalogo.fondazionezeri.unibo.it/ricerca.v2.jsp?decorator=layout_resp&apply=true&percorso_ricerca=OA&sortby=LOCALIZZAZIONE&batch=10&view=list&locale=it&PVCS_PVCR_PVCP_PVCC_PVCL_LDCN_PRVS_PRVR_PRVP_PRVC_PRVL_PRCD=Chiesa%20di%20S.%20Maria%20Lacrimosa%20degli%20Alemanni&page=1&filtrolocalizzazione_OA=5412%7C5615,https://catalogo.fondazionezeri.unibo.it/ricerca.v2.jsp?decorator=layout_resp&apply=true&percorso_ricerca=OA&sortby=LOCALIZZAZIONE&batch=10&view=list&locale=it&PVCS_PVCR_PVCP_PVCC_PVCL_LDCN_PRVS_PRVR_PRVP_PRVC_PRVL_PRCD=Chiesa%20di%20S.%20Maria%20Lacrimosa%20degli%20Alemanni&page=1&filtroprovenienza_OA=5412%7C7533,,12,,,https://www.bibliotecasalaborsa.it/bolognaonline/events/restaurato_il_santuario_di_santa_maria_lacrimosa_degli_alemanni,,,,,,,,,
111,Convento di S. Maria della Visitazione,Conventi e monasteri,44.66731097946115,11.359272843066213,,https://catalogo.fondazionezeri.unibo.it/ricerca.v2.jsp?decorator=layout_resp&apply=true&percorso_ricerca=OA&sortby=LOCALIZZAZIONE&batch=10&view=list&locale=it&PVCS_PVCR_PVCP_PVCC_PVCL_LDCN_PRVS_PRVR_PRVP_PRVC_PRVL_PRCD=Convento%20di%20s.%20maria%20della%20visitazione&page=1&filtroprovenienza_OA=5412%7C1875,,25,,,https://www.bibliotecasalaborsa.it/bolognaonline/events/l-ex-monastero-della-visitazione-alla-fondazione-sant-orsola,,,,,,,,,
112,Chiesa di S. Maria Maddalena,Chiese,44.49765184303347,11.354125006745162,https://catalogo.fondazionezeri.unibo.it/ricerca.v2.jsp?decorator=layout_resp&apply=true&percorso_ricerca=OA&sortby=LOCALIZZAZIONE&batch=10&view=list&locale=it&PVCS_PVCR_PVCP_PVCC_PVCL_LDCN_PRVS_PRVR_PRVP_PRVC_PRVL_PRCD=Chiesa%20di%20S.%20Maria%20Maddalena&page=1&filtrolocalizzazione_OA=5412%7C924,https://catalogo.fondazionezeri.unibo.it/ricerca.v2.jsp?decorator=layout_resp&apply=true&percorso_ricerca=OA&sortby=LOCALIZZAZIONE&batch=10&view=list&locale=it&PVCS_PVCR_PVCP_PVCC_PVCL_LDCN_PRVS_PRVR_PRVP_PRVC_PRVL_PRCD=Chiesa%20di%20S.%20Maria%20Maddalena&page=1&filtroprovenienza_OA=5412%7C924,,11,,https://www.originebologna.com/strade/strada-san-donato/n-2519/,,,,,,,,,,
113,Chiesa di S. Mattia (ex),Chiese,44.68283224580263,11.331515691387816,https://catalogo.fondazionezeri.unibo.it/ricerca.v2.jsp?decorator=layout_resp&apply=true&percorso_ricerca=OA&sortby=LOCALIZZAZIONE&batch=10&view=list&locale=it&PVCS_PVCR_PVCP_PVCC_PVCL_LDCN_PRVS_PRVR_PRVP_PRVC_PRVL_PRCD=Chiesa%20di%20S.%20Mattia&page=1&filtrolocalizzazione_OA=5412%7C1542,https://catalogo.fondazionezeri.unibo.it/ricerca.v2.jsp?decorator=layout_resp&apply=true&percorso_ricerca=OA&sortby=LOCALIZZAZIONE&batch=10&view=list&locale=it&PVCS_PVCR_PVCP_PVCC_PVCL_LDCN_PRVS_PRVR_PRVP_PRVC_PRVL_PRCD=Chiesa%20di%20S.%20Mattia&page=1&filtroprovenienza_OA=5412%7C8289,,15,,https://www.originebologna.com/strade/strada-sant-isaia/n-413-414-415/,,,,,,,,,,
114,Monastero di S. Mattia,Conventi e monasteri,44.49389110549325,11.334177913490327,,,,1,,,,,,,,,,,,
115,Chiesa di S. Michele dei Leprosetti,Chiese,44.49403699819949,11.349451255817211,https://catalogo.fondazionezeri.unibo.it/ricerca.v2.jsp?decorator=layout_resp&apply=true&percorso_ricerca=OA&sortby=LOCALIZZAZIONE&batch=10&view=list&locale=it&PVCS_PVCR_PVCP_PVCC_PVCL_LDCN_PRVS_PRVR_PRVP_PRVC_PRVL_PRCD=Chiesa%20di%20S.%20Michele%20dei%20Leprosetti&page=1&filtrolocalizzazione_OA=5412%7C3342,,,1,,https://www.originebologna.com/strade/via-di-san-michele-dei-leprosetti/n-930/,,,,,,,,,,
116,Chiesa di S. Michele in Bosco,Chiese,44.48215255787172,11.342049874241663,https://catalogo.fondazionezeri.unibo.it/ricerca.v2.jsp?decorator=layout_resp&apply=true&percorso_ricerca=OA&sortby=LOCALIZZAZIONE&batch=10&view=list&locale=it&PVCS_PVCR_PVCP_PVCC_PVCL_LDCN_PRVS_PRVR_PRVP_PRVC_PRVL_PRCD=Chiesa%20di%20S.%20Michele%20in%20Bosco&page=1&filtrolocalizzazione_OA=5412%7C2926,https://catalogo.fondazionezeri.unibo.it/ricerca.v2.jsp?decorator=layout_resp&apply=true&percorso_ricerca=OA&sortby=LOCALIZZAZIONE&batch=10&view=list&locale=it&PVCS_PVCR_PVCP_PVCC_PVCL_LDCN_PRVS_PRVR_PRVP_PRVC_PRVL_PRCD=Chiesa%20di%20S.%20Michele%20in%20Bosco&page=1&filtroprovenienza_OA=5412%7C2926,,39,https://www.storiaememoriadibologna.it/archivio/luoghi/san-michele-bosco-istituto-ortopedico-rizzoli,,,,,,,,,,,
117,Convento di S. Michele in Bosco,Conventi e monasteri,44.481393571900576,11.341702462108255,"https://catalogo.fondazionezeri.unibo.it/ricerca.v2.jsp?decorator=layout_resp&apply=true&percorso_ricerca=OA&sortby=LOCALIZZAZIONE&batch=10&view=list&locale=it&PVCS_PVCR_PVCP_PVCC_PVCL_LDCN_PRVS_PRVR_PRVP_PRVC_PRVL_PRCD=Convento%20di%20S.%20Michele%20in%20Bosco&page=1&filtrolocalizzazione_OA=5412%7C10035",https://catalogo.fondazionezeri.unibo.it/ricerca.v2.jsp?decorator=layout_resp&apply=true&percorso_ricerca=OA&sortby=LOCALIZZAZIONE&batch=10&view=list&locale=it&PVCS_PVCR_PVCP_PVCC_PVCL_LDCN_PRVS_PRVR_PRVP_PRVC_PRVL_PRCD=Convento%20di%20S.%20Michele%20in%20Bosco&page=1&filtroprovenienza_OA=5412%7C7472,,,,,,,,,,,,,,